year,region,quantity
2011,Region de Bruxelles-Capitale / Brussels Hoofdstedelijk Gewest,0
2011,Region de Bruxelles-Capitale / Brussels Hoofdstedelijk Gewest,0
2011,Vlaams Gewest,2434.12
2011,Prov. Antwerpen,657.07
2011,Prov. Limburg (BE),307.56
2011,Prov. Oost-Vlaanderen,609.3
2011,Prov. Vlaams-Brabant,114.44
2011,Prov. West-Vlaanderen,745.75
2011,Region wallonne,1493.01
2011,Prov. Brabant Wallon,55.77
2011,Prov. Hainaut,423.5
2011,Prov. Liege,616.1
2011,Prov. Luxembourg (BE),189.33
2011,Prov. Namur,208.32
2011,Severna i yugoiztochna Bulgaria,719
2011,Severozapaden,138
2011,Severen tsentralen,136
2011,Severoiztochen,152
2011,Yugoiztochen,293
2011,Yugozapadna i yuzhna tsentralna Bulgaria,407
2011,Yugozapaden,106
2011,Yuzhen tsentralen,301
2011,Ceske republika,2735.6
2011,Praha,2.87
2011,Stredne Cechy,345.58
2011,Jihozepad,608.64
2011,Severozepad,103.4
2011,Severovechod,537.1
2011,Jihovechod,630.23
2011,Stredne Morava,349.3
2011,Moravskoslezsko,158.48
2011,Danmark,4799.9
2011,Hovedstaden,72
2011,Sjelland,163.2
2011,Syddanmark,1968
2011,Midtjylland,1463.9
2011,Nordjylland,1132.8
2011,Baden-Werttemberg,2286
2011,Stuttgart,666.2
2011,Karlsruhe,154.7
2011,Freiburg,403.7
2011,Tebingen,1061.4
2011,Bayern,7931
2011,Oberbayern,2325.6
2011,Niederbayern,999.4
2011,Oberpfalz,1064.9
2011,Oberfranken,606.1
2011,Mittelfranken,766.1
2011,Unterfranken,229.6
2011,Schwaben,1939.3
2011,Berlin,1.1
2011,Berlin,1.1
2011,Brandenburg,1364.1
2011,Brandenburg,1364.1
2011,Brandenburg - Nordost (NUTS 2006),0
2011,Brandenburg - Sedwest (NUTS 2006),0
2011,Bremen,31.1
2011,Bremen,31.1
2011,Hamburg,6.6
2011,Hamburg,6.6
2011,Hessen,1014.1
2011,Darmstadt,205.7
2011,Gieeen,265
2011,Kassel,543.3
2011,Mecklenburg-Vorpommern,1464.7
2011,Mecklenburg-Vorpommern,1464.7
2011,Niedersachsen,5999.4
2011,Braunschweig,200.9
2011,Hannover,517.1
2011,Leneburg,2221
2011,Weser-Ems,3060.3
2011,Nordrhein-Westfalen,3048.7
2011,Desseldorf,810.6
2011,Keln,623.7
2011,Menster,742.7
2011,Detmold,423.4
2011,Arnsberg,448.3
2011,Rheinland-Pfalz,836.8
2011,Koblenz,0
2011,Trier,0
2011,Rheinhessen-Pfalz,0
2011,Saarland,94.9
2011,Saarland,94.9
2011,Sachsen,1604.9
2011,Chemnitz (NUTS 2006),0
2011,Dresden,586.4
2011,Leipzig (NUTS 2006),0
2011,Chemnitz,759
2011,Leipzig,259.6
2011,Sachsen-Anhalt,1051
2011,Sachsen-Anhalt,1051
2011,Dessau (NUTS 1999),0
2011,Halle (NUTS 2003),0
2011,Magdeburg (NUTS 2003),0
2011,Schleswig-Holstein,2664.1
2011,Schleswig-Holstein,2664.1
2011,Theringen,937.7
2011,Theringen,937.7
2011,Eesti,692.4
2011,Eesti,692.4
2011,eire/Ireland,5556.2
2011,"Border, Midland and Western",1110.25
2011,Southern and Eastern,4445.95
2011,Voreia Ellada,0
2011,"Anatoliki Makedonia, Thraki",0
2011,Kentriki Makedonia,0
2011,Dytiki Makedonia,0
2011,Ipeiros,0
2011,Voreia Ellada (NUTS 2010),536.57
2011,"Anatoliki Makedonia, Thraki (NUTS 2010)",109.66
2011,Kentriki Makedonia (NUTS 2010),305.6
2011,Dytiki Makedonia (NUTS 2010),28.27
2011,Thessalia (NUTS 2010),93.05
2011,Kentriki Ellada,0
2011,Thessalia,0
2011,Ionia Nisia,0
2011,Dytiki Ellada,0
2011,Sterea Ellada,0
2011,Peloponnisos,0
2011,Kentriki Ellada (NUTS 2010),74.42
2011,Ipeiros (NUTS 2010),22.1
2011,Ionia Nisia (NUTS 2010),0.12
2011,Dytiki Ellada (NUTS 2010),22.75
2011,Sterea Ellada (NUTS 2010),25.4
2011,Peloponnisos (NUTS 2010),4.05
2011,Attiki,9.32
2011,Attiki,9.32
2011,"Nisia Aigaiou, Kriti",18.59
2011,Voreio Aigaio,2.42
2011,Notio Aigaio,15.85
2011,Kriti,0.33
2011,Noroeste (ES),3520.09
2011,Galicia,2546.23
2011,Principado de Asturias,551.81
2011,Cantabria,422.05
2011,Noreste (ES),496.21
2011,Paes Vasco,183.28
2011,Comunidad Foral de Navarra,191.89
2011,La Rioja,15.16
2011,Aragen,105.88
2011,Comunidad de Madrid,63.7
2011,Comunidad de Madrid,63.7
2011,Centro (ES),1100.18
2011,Castilla y Leen,865.34
2011,Castilla-la Mancha,202.85
2011,Extremadura,32.26
2011,Este (ES),769.2
2011,Cataluea,644.04
2011,Comunidad Valenciana,50.33
2011,Illes Balears,74.82
2011,Sur (ES),504.88
2011,Andalucea,462.2
2011,Regien de Murcia,42.68
2011,Ciudad Autenoma de Ceuta (ES),0
2011,Ciudad Autenoma de Melilla (ES),0
2011,Canarias (ES),33.43
2011,Canarias (ES),33.43
2011,ele de France,50.85
2011,ele de France,50.85
2011,Bassin Parisien,6342.53
2011,Champagne-Ardenne,720.05
2011,Picardie,960.47
2011,Haute-Normandie,905.32
2011,Centre (FR),492.59
2011,Basse-Normandie,2868.97
2011,Bourgogne,395.13
2011,Nord - Pas-de-Calais,1382.4
2011,Nord - Pas-de-Calais,1382.4
2011,Est (FR),2854.78
2011,Lorraine,1339.48
2011,Alsace,315.42
2011,Franche-Comte,1199.88
2011,Ouest (FR),9762.62
2011,Pays de la Loire,3737.56
2011,Bretagne,5320.85
2011,Poitou-Charentes,704.21
2011,Sud-Ouest (FR),1779.52
2011,Aquitaine,695.21
2011,Midi-Pyrenees,899.83
2011,Limousin,184.47
2011,Centre-Est (FR),2779.37
2011,Rhene-Alpes,1553.78
2011,Auvergne,1225.59
2011,Mediterranee,118.31
2011,Languedoc-Roussillon,88.72
2011,Provence-Alpes-Cete d'Azur,29.59
2011,Corse,0
2011,Departements d'outre-mer,21.56
2011,Guadeloupe,0
2011,Martinique,0.42
2011,Guyane,0.03
2011,La Reunion,21.12
2011,Mayotte,0
2011,Departements d'outre-mer (NUTS 2010),21.56
2011,Guadeloupe (NUTS 2010),0
2011,Martinique (NUTS 2010),0.42
2011,Guyane (NUTS 2010),0.03
2011,Reunion (NUTS 2010),21.12
2011,Jadranska Hrvatska,71
2011,Kontinentalna Hrvatska,732
2011,Sjeverozapadna Hrvatska (former statistical region),0
2011,Sredisnja i Istocna (Panonska) Hrvatska (former statistical region),0
2011,Nord-Ovest,5171.7
2011,Piemonte,855.99
2011,Valle d'Aosta/Vallee d'Aoste,44.85
2011,Liguria,43.6
2011,Lombardia,4227.26
2011,Nord-Est,4193.36
2011,Provincia Autonoma di Bolzano/Bozen,391.75
2011,Provincia Autonoma di Trento,159.14
2011,Veneto,995.36
2011,Friuli-Venezia Giulia,213.96
2011,Emilia-Romagna,2433.15
2011,Nord-Est (NUTS 2006),0
2011,Emilia-Romagna (NUTS 2006),0
2011,Centro (IT),637.5
2011,Toscana,60.14
2011,Umbria,66.46
2011,Marche,63.73
2011,Lazio,447.17
2011,Centro (I) (NUTS 2006),0
2011,Marche (NUTS 2006),0
2011,Sud,843.86
2011,Abruzzo,39.59
2011,Molise,73.99
2011,Campania,325.56
2011,Puglia,273.68
2011,Basilicata,46.62
2011,Calabria,84.41
2011,Isole,452.18
2011,Sicilia,210.94
2011,Sardegna,241.24
2011,Kypros,156.02
2011,Kypros,156.02
2011,Latvija,841.7
2011,Latvija,841.7
2011,Lietuva,1782.32
2011,Lietuva,1782.32
2011,Luxembourg,292.25
2011,Luxembourg,292.25
2011,Luxembourg,292.25
2011,Kezep-Magyarorszeg,123.12
2011,Kezep-Magyarorszeg,123.12
2011,Dunentel,688.42
2011,Kezep-Dunentel,244.82
2011,Nyugat-Dunentel,249.91
2011,Del-Dunentel,193.69
2011,Alfeld es eszak,900.93
2011,eszak-Magyarorszeg,125.98
2011,eszak-Alfeld,393.34
2011,Del-Alfeld,381.61
2011,Malta,0
2011,Malta,0
2011,Noord-Nederland,3532
2011,Groningen,711
2011,Friesland (NL),2084
2011,Drenthe,737
2011,Oost-Nederland,3903
2011,Overijssel,1904
2011,Gelderland,1766
2011,Flevoland,233
2011,West-Nederland,2151
2011,Utrecht,646
2011,Noord-Holland,609
2011,Zuid-Holland,757
2011,Zeeland,140
2011,Zuid-Nederland,2056
2011,Noord-Brabant,1673
2011,Limburg (NL),383
2011,Ostesterreich,688.31
2011,Burgenland (AT),30.16
2011,Niederesterreich,658.15
2011,Wien,0
2011,Sedesterreich,731.95
2011,Kernten,214.36
2011,Steiermark,517.59
2011,Westesterreich,1886.87
2011,Oberesterreich,1038.63
2011,Salzburg,333.2
2011,Tirol,351.51
2011,Vorarlberg,163.54
2011,Region Centralny,3716
2011,Ledzkie,986
2011,Mazowieckie,2730
2011,Region Poludniowy,575
2011,Malopolskie,357
2011,Slaskie,218
2011,Region Wschodni,3663
2011,Lubelskie,743
2011,Podkarpackie,261
2011,Swietokrzyskie,395
2011,Podlaskie,2264
2011,Region Pelnocno-Zachodni,1826
2011,Wielkopolskie,1519
2011,Zachodniopomorskie,185
2011,Lubuskie,122
2011,Region Poludniowo-Zachodni,453
2011,Dolnoslaskie,188
2011,Opolskie,265
2011,Region Pelnocny,2181
2011,Kujawsko-Pomorskie,895
2011,Warminsko-Mazurskie,970
2011,Pomorskie,316
2011,Continente,1352.63
2011,Norte,752.72
2011,Algarve,0.32
2011,Centro (PT),283.09
2011,erea Metropolitana de Lisboa,79.87
2011,Alentejo,236.64
2011,Regieo Autenoma dos Aeores (PT),564.56
2011,Regieo Autenoma dos Aeores (PT),564.56
2011,Regieo Autenoma da Madeira (PT),1.32
2011,Regieo Autenoma da Madeira (PT),1.32
2011,Macroregiunea unu,1438
2011,Nord-Vest,820
2011,Centru,618
2011,Macroregiunea doi,1374
2011,Nord-Est,931
2011,Sud-Est,443
2011,Macroregiunea trei,560
2011,Sud - Muntenia,546
2011,Bucuresti - Ilfov,14
2011,Macroregiunea patru,703
2011,Sud-Vest Oltenia,366
2011,Vest,337
2011,Slovenija,601.59
2011,Vzhodna Slovenija,0
2011,Vzhodna Slovenija (NUTS 2010),393.02
2011,Zahodna Slovenija,0
2011,Zahodna Slovenija (NUTS 2010),208.57
2011,Slovensko,928.3
2011,Bratislavske kraj,44.2
2011,Zepadne Slovensko,492.4
2011,Stredne Slovensko,230.2
2011,Vechodne Slovensko,161.5
2011,Manner-Suomi,2285.74
2011,Ite-Suomi (NUTS 2006),0
2011,Etele-Suomi (NUTS 2006),0
2011,Lensi-Suomi,653.2
2011,Pohjois-Suomi (NUTS 2006),0
2011,Helsinki-Uusimaa,66.84
2011,Etele-Suomi,300.21
2011,Pohjois- ja Ite-Suomi,1265.49
2011,eland,14.99
2011,eland,14.99
2011,estra Sverige,484.34
2011,Stockholm,30.78
2011,estra Mellansverige,453.56
2011,Sedra Sverige,1893.13
2011,Smeland med earna,817.27
2011,Sydsverige,365.17
2011,Vestsverige,710.7
2011,Norra Sverige,472.93
2011,Norra Mellansverige,181.53
2011,Mellersta Norrland,127.03
2011,evre Norrland,164.37
2011,North East (UK),112
2011,Tees Valley and Durham,0
2011,Northumberland and Tyne and Wear,0
2011,North West (UK),2068
2011,Cumbria,0
2011,Cheshire (NUTS 2006),0
2011,Greater Manchester,0
2011,Lancashire,0
2011,Merseyside (NUTS 2006),0
2011,Cheshire,0
2011,Merseyside,0
2011,Yorkshire and The Humber,682
2011,East Yorkshire and Northern Lincolnshire,0
2011,North Yorkshire,0
2011,South Yorkshire,0
2011,West Yorkshire,0
2011,East Midlands (UK),601
2011,Derbyshire and Nottinghamshire,0
2011,"Leicestershire, Rutland and Northamptonshire",0
2011,Lincolnshire,0
2011,West Midlands (UK),0
2011,"Herefordshire, Worcestershire and Warwickshire",0
2011,Shropshire and Staffordshire,0
2011,West Midlands,0
2011,East of England,143
2011,East Anglia,0
2011,Bedfordshire and Hertfordshire,0
2011,Essex,0
2011,London,0
2011,Inner London (NUTS 2010),0
2011,Outer London (NUTS 2010),0
2011,Inner London - West,0
2011,Inner London - East,0
2011,Outer London - East and North East,0
2011,Outer London - South,0
2011,Outer London - West and North West,0
2011,South East (UK),546
2011,"Berkshire, Buckinghamshire and Oxfordshire",0
2011,"Surrey, East and West Sussex",0
2011,Hampshire and Isle of Wight,134
2011,Kent,78
2011,South West (UK),3322
2011,"Gloucestershire, Wiltshire and Bristol/Bath area",0
2011,Dorset and Somerset,0
2011,Cornwall and Isles of Scilly,0
2011,Devon,0
2011,Wales,1712
2011,West Wales and The Valleys,0
2011,East Wales,0
2011,Scotland,1416
2011,North Eastern Scotland (NUTS 2003),0
2011,Eastern Scotland,0
2011,South Western Scotland,0
2011,Highlands and Islands (NUTS 2003),0
2011,North Eastern Scotland,0
2011,Highlands and Islands,0
2011,Northern Ireland (UK),0
2011,Northern Ireland (UK),0
2011,Crna Gora,0
2011,Crna Gora,0
2011,Istanbul,283.03
2011,Istanbul,283.03
2011,Bati Marmara,1118.22
2011,"Tekirdag, Edirne, Kirklareli",298.49
2011,"Balikesir, eanakkale",819.73
2011,Ege,1372.6
2011,Izmir,637.16
2011,"Aydin, Denizli, Mugla",390.3
2011,"Manisa, Afyonkarahisar, Ketahya, Usak",345.14
2011,Dogu Marmara,1778.35
2011,"Bursa, Eskisehir, Bilecik",831.55
2011,"Kocaeli, Sakarya, Dezce, Bolu, Yalova",946.8
2011,Bati Anadolu,1046.34
2011,Ankara,47.74
2011,"Konya, Karaman",998.6
2011,Akdeniz,664.73
2011,"Antalya, Isparta, Burdur",401.21
2011,"Adana, Mersin",148.98
2011,"Hatay, Kahramanmaras, Osmaniye",114.53
2011,Orta Anadolu,392.55
2011,"Kirikkale, Aksaray, Nigde, Nevsehir, Kirsehir",346.72
2011,"Kayseri, Sivas, Yozgat",45.83
2011,Bati Karadeniz,210.23
2011,"Zonguldak, Karabek, Bartin",45.54
2011,"Kastamonu, eankiri, Sinop",39.2
2011,"Samsun, Tokat, eorum, Amasya",125.49
2011,Dogu Karadeniz,63.69
2011,"Trabzon, Ordu, Giresun, Rize, Artvin, Gemeshane",63.69
2011,Kuzeydogu Anadolu,66.8
2011,"Erzurum, Erzincan, Bayburt",21.12
2011,"Agri, Kars, Igdir, Ardahan",45.68
2011,Ortadogu Anadolu,42.65
2011,"Malatya, Elazig, Bingel, Tunceli",32.83
2011,"Van, Mus, Bitlis, Hakkari",9.81
2011,Geneydogu Anadolu,34.76
2011,"Gaziantep, Adiyaman, Kilis",18.24
2011,"Sanliurfa, Diyarbakir",4.77
2011,"Mardin, Batman, Sirnak, Siirt",11.76
2012,Region de Bruxelles-Capitale / Brussels Hoofdstedelijk Gewest,0
2012,Region de Bruxelles-Capitale / Brussels Hoofdstedelijk Gewest,0
2012,Vlaams Gewest,2406.34
2012,Prov. Antwerpen,649.57
2012,Prov. Limburg (BE),304.05
2012,Prov. Oost-Vlaanderen,602.35
2012,Prov. Vlaams-Brabant,113.14
2012,Prov. West-Vlaanderen,737.24
2012,Region wallonne,1475.97
2012,Prov. Brabant Wallon,55.14
2012,Prov. Hainaut,418.66
2012,Prov. Liege,609.07
2012,Prov. Luxembourg (BE),187.17
2012,Prov. Namur,205.94
2012,Severna i yugoiztochna Bulgaria,640
2012,Severozapaden,137
2012,Severen tsentralen,145
2012,Severoiztochen,151
2012,Yugoiztochen,207
2012,Yugozapadna i yuzhna tsentralna Bulgaria,453
2012,Yugozapaden,115
2012,Yuzhen tsentralen,338
2012,Ceske republika,2814.68
2012,Praha,2.91
2012,Stredne Cechy,358.24
2012,Jihozepad,627.22
2012,Severozepad,104.77
2012,Severovechod,554.47
2012,Jihovechod,656.55
2012,Stredne Morava,347.44
2012,Moravskoslezsko,163.09
2012,Danmark,5006.4
2012,Hovedstaden,75.8
2012,Sjelland,167
2012,Syddanmark,2013.8
2012,Midtjylland,1501.6
2012,Nordjylland,1157.5
2012,Baden-Werttemberg,2304
2012,Stuttgart,670.5
2012,Karlsruhe,156.6
2012,Freiburg,410.3
2012,Tebingen,1066.5
2012,Bayern,7941.5
2012,Oberbayern,2333.3
2012,Niederbayern,993.5
2012,Oberpfalz,1076.9
2012,Oberfranken,612.7
2012,Mittelfranken,760.9
2012,Unterfranken,225.4
2012,Schwaben,1938.8
2012,Berlin,1
2012,Berlin,1
2012,Brandenburg,1348
2012,Brandenburg,1348
2012,Brandenburg - Nordost (NUTS 2006),0
2012,Brandenburg - Sedwest (NUTS 2006),0
2012,Bremen,28.4
2012,Bremen,28.4
2012,Hamburg,6.9
2012,Hamburg,6.9
2012,Hessen,995.8
2012,Darmstadt,202
2012,Gieeen,258.6
2012,Kassel,535.1
2012,Mecklenburg-Vorpommern,1497.4
2012,Mecklenburg-Vorpommern,1497.4
2012,Niedersachsen,6169.3
2012,Braunschweig,200.8
2012,Hannover,533.3
2012,Leneburg,2286.8
2012,Weser-Ems,3148.4
2012,Nordrhein-Westfalen,3058.7
2012,Desseldorf,807.8
2012,Keln,609.8
2012,Menster,762.3
2012,Detmold,428.4
2012,Arnsberg,450.4
2012,Rheinland-Pfalz,812.9
2012,Koblenz,0
2012,Trier,0
2012,Rheinhessen-Pfalz,0
2012,Saarland,92.3
2012,Saarland,92.3
2012,Sachsen,1674.1
2012,Chemnitz (NUTS 2006),0
2012,Dresden,0
2012,Leipzig (NUTS 2006),0
2012,Chemnitz,0
2012,Leipzig,0
2012,Sachsen-Anhalt,1073.3
2012,Sachsen-Anhalt,1073.3
2012,Dessau (NUTS 1999),0
2012,Halle (NUTS 2003),0
2012,Magdeburg (NUTS 2003),0
2012,Schleswig-Holstein,2715.3
2012,Schleswig-Holstein,2715.3
2012,Theringen,966.4
2012,Theringen,966.4
2012,Eesti,720.7
2012,Eesti,720.7
2012,eire/Ireland,5399.3
2012,"Border, Midland and Western",1092.73
2012,Southern and Eastern,4306.57
2012,Voreia Ellada,0
2012,"Anatoliki Makedonia, Thraki",0
2012,Kentriki Makedonia,0
2012,Dytiki Makedonia,0
2012,Ipeiros,0
2012,Voreia Ellada (NUTS 2010),535.8
2012,"Anatoliki Makedonia, Thraki (NUTS 2010)",108.5
2012,Kentriki Makedonia (NUTS 2010),306.2
2012,Dytiki Makedonia (NUTS 2010),26.7
2012,Thessalia (NUTS 2010),94.4
2012,Kentriki Ellada,0
2012,Thessalia,0
2012,Ionia Nisia,0
2012,Dytiki Ellada,0
2012,Sterea Ellada,0
2012,Peloponnisos,0
2012,Kentriki Ellada (NUTS 2010),73.3
2012,Ipeiros (NUTS 2010),20.2
2012,Ionia Nisia (NUTS 2010),0.1
2012,Dytiki Ellada (NUTS 2010),21.4
2012,Sterea Ellada (NUTS 2010),27.4
2012,Peloponnisos (NUTS 2010),4.2
2012,Attiki,10.9
2012,Attiki,10.9
2012,"Nisia Aigaiou, Kriti",17.43
2012,Voreio Aigaio,2.05
2012,Notio Aigaio,15.1
2012,Kriti,0.28
2012,Noroeste (ES),3479.06
2012,Galicia,2505.77
2012,Principado de Asturias,554.45
2012,Cantabria,418.84
2012,Noreste (ES),499.47
2012,Paes Vasco,179.15
2012,Comunidad Foral de Navarra,197.25
2012,La Rioja,16.16
2012,Aragen,106.91
2012,Comunidad de Madrid,61.95
2012,Comunidad de Madrid,61.95
2012,Centro (ES),1071.49
2012,Castilla y Leen,830.44
2012,Castilla-la Mancha,208.79
2012,Extremadura,32.26
2012,Este (ES),781.31
2012,Cataluea,664.83
2012,Comunidad Valenciana,46
2012,Illes Balears,70.48
2012,Sur (ES),572.67
2012,Andalucea,525.73
2012,Regien de Murcia,46.94
2012,Ciudad Autenoma de Ceuta (ES),0
2012,Ciudad Autenoma de Melilla (ES),0
2012,Canarias (ES),36.45
2012,Canarias (ES),36.45
2012,ele de France,48.69
2012,ele de France,48.6
2012,Bassin Parisien,6183.6
2012,Champagne-Ardenne,682.09
2012,Picardie,932.64
2012,Haute-Normandie,884
2012,Centre (FR),488.67
2012,Basse-Normandie,2813.1
2012,Bourgogne,383.1
2012,Nord - Pas-de-Calais,1370.18
2012,Nord - Pas-de-Calais,1370.18
2012,Est (FR),2788.42
2012,Lorraine,1300.1
2012,Alsace,317.88
2012,Franche-Comte,1170.44
2012,Ouest (FR),9702.71
2012,Pays de la Loire,3753.27
2012,Bretagne,5265.57
2012,Poitou-Charentes,683.87
2012,Sud-Ouest (FR),1686.93
2012,Aquitaine,636.45
2012,Midi-Pyrenees,873.02
2012,Limousin,177.46
2012,Centre-Est (FR),2799.26
2012,Rhene-Alpes,1578.69
2012,Auvergne,1220.57
2012,Mediterranee,118.37
2012,Languedoc-Roussillon,89.78
2012,Provence-Alpes-Cete d'Azur,28.59
2012,Corse,0
2012,Departements d'outre-mer,20.22
2012,Guadeloupe,0
2012,Martinique,0.42
2012,Guyane,0.06
2012,La Reunion,19.85
2012,Mayotte,0
2012,Departements d'outre-mer (NUTS 2010),20.22
2012,Guadeloupe (NUTS 2010),0
2012,Martinique (NUTS 2010),0.42
2012,Guyane (NUTS 2010),0.06
2012,Reunion (NUTS 2010),19.85
2012,Jadranska Hrvatska,60
2012,Kontinentalna Hrvatska,750
2012,Sjeverozapadna Hrvatska (former statistical region),0
2012,Sredisnja i Istocna (Panonska) Hrvatska (former statistical region),0
2012,Nord-Ovest,5126.32
2012,Piemonte,845.44
2012,Valle d'Aosta/Vallee d'Aoste,49.14
2012,Liguria,31.95
2012,Lombardia,4199.79
2012,Nord-Est,4312.76
2012,Provincia Autonoma di Bolzano/Bozen,407.82
2012,Provincia Autonoma di Trento,163.72
2012,Veneto,986.46
2012,Friuli-Venezia Giulia,223.33
2012,Emilia-Romagna,2531.43
2012,Nord-Est (NUTS 2006),0
2012,Emilia-Romagna (NUTS 2006),0
2012,Centro (IT),635.13
2012,Toscana,59.16
2012,Umbria,69.83
2012,Marche,66.78
2012,Lazio,439.36
2012,Centro (I) (NUTS 2006),0
2012,Marche (NUTS 2006),0
2012,Sud,895.24
2012,Abruzzo,44.03
2012,Molise,79.07
2012,Campania,350.85
2012,Puglia,268.55
2012,Basilicata,63.58
2012,Calabria,89.16
2012,Isole,456.3
2012,Sicilia,199.88
2012,Sardegna,256.43
2012,Kypros,153.74
2012,Kypros,153.74
2012,Latvija,870.6
2012,Latvija,870.6
2012,Lietuva,1774.53
2012,Lietuva,1774.53
2012,Luxembourg,289.4
2012,Luxembourg,289.4
2012,Luxembourg,289.4
2012,Kezep-Magyarorszeg,128.36
2012,Kezep-Magyarorszeg,128.36
2012,Dunentel,720.59
2012,Kezep-Dunentel,256.64
2012,Nyugat-Dunentel,257.98
2012,Del-Dunentel,205.97
2012,Alfeld es eszak,963.91
2012,eszak-Magyarorszeg,121.74
2012,eszak-Alfeld,420.16
2012,Del-Alfeld,422.01
2012,Malta,0
2012,Malta,0
2012,Noord-Nederland,3604
2012,Groningen,730
2012,Friesland (NL),2107
2012,Drenthe,767
2012,Oost-Nederland,3887
2012,Overijssel,1885
2012,Gelderland,1757
2012,Flevoland,245
2012,West-Nederland,2140
2012,Utrecht,634
2012,Noord-Holland,618
2012,Zuid-Holland,742
2012,Zeeland,146
2012,Zuid-Nederland,2044
2012,Noord-Brabant,1669
2012,Limburg (NL),375
2012,Ostesterreich,705
2012,Burgenland (AT),30
2012,Niederesterreich,675
2012,Wien,0
2012,Sedesterreich,744
2012,Kernten,216
2012,Steiermark,529
2012,Westesterreich,1933
2012,Oberesterreich,1069
2012,Salzburg,341
2012,Tirol,356
2012,Vorarlberg,167
2012,Region Centralny,3713
2012,Ledzkie,971
2012,Mazowieckie,2742
2012,Region Poludniowy,642
2012,Malopolskie,393
2012,Slaskie,249
2012,Region Wschodni,3676
2012,Lubelskie,769
2012,Podkarpackie,244
2012,Swietokrzyskie,323
2012,Podlaskie,2340
2012,Region Pelnocno-Zachodni,1983
2012,Wielkopolskie,1674
2012,Zachodniopomorskie,189
2012,Lubuskie,120
2012,Region Poludniowo-Zachodni,468
2012,Dolnoslaskie,197
2012,Opolskie,271
2012,Region Pelnocny,2186
2012,Kujawsko-Pomorskie,869
2012,Warminsko-Mazurskie,977
2012,Pomorskie,340
2012,Continente,1353.47
2012,Norte,753.55
2012,Algarve,0.3
2012,Centro (PT),276.09
2012,erea Metropolitana de Lisboa,78.96
2012,Alentejo,244.57
2012,Regieo Autenoma dos Aeores (PT),583.48
2012,Regieo Autenoma dos Aeores (PT),583.48
2012,Regieo Autenoma da Madeira (PT),1.18
2012,Regieo Autenoma da Madeira (PT),1.18
2012,Macroregiunea unu,1390
2012,Nord-Vest,756
2012,Centru,634
2012,Macroregiunea doi,1341
2012,Nord-Est,909
2012,Sud-Est,432
2012,Macroregiunea trei,494
2012,Sud - Muntenia,479
2012,Bucuresti - Ilfov,15
2012,Macroregiunea patru,656
2012,Sud-Vest Oltenia,348
2012,Vest,308
2012,Slovenija,0
2012,Vzhodna Slovenija,0
2012,Vzhodna Slovenija (NUTS 2010),406.7
2012,Zahodna Slovenija,0
2012,Zahodna Slovenija (NUTS 2010),214.24
2012,Slovensko,959.4
2012,Bratislavske kraj,42.79
2012,Zepadne Slovensko,509.79
2012,Stredne Slovensko,223.41
2012,Vechodne Slovensko,156.72
2012,Manner-Suomi,2281.55
2012,Ite-Suomi (NUTS 2006),0
2012,Etele-Suomi (NUTS 2006),0
2012,Lensi-Suomi,654.34
2012,Pohjois-Suomi (NUTS 2006),0
2012,Helsinki-Uusimaa,67.1
2012,Etele-Suomi,295.15
2012,Pohjois- ja Ite-Suomi,1264.97
2012,eland,15.15
2012,eland,15.15
2012,estra Sverige,485.04
2012,Stockholm,29.88
2012,estra Mellansverige,455.16
2012,Sedra Sverige,1905.11
2012,Smeland med earna,834.75
2012,Sydsverige,364.06
2012,Vestsverige,706.31
2012,Norra Sverige,471.02
2012,Norra Mellansverige,183.58
2012,Mellersta Norrland,119.84
2012,evre Norrland,167.6
2012,North East (UK),106
2012,Tees Valley and Durham,0
2012,Northumberland and Tyne and Wear,0
2012,North West (UK),2050
2012,Cumbria,815
2012,Cheshire (NUTS 2006),0
2012,Greater Manchester,0
2012,Lancashire,482
2012,Merseyside (NUTS 2006),0
2012,Cheshire,709
2012,Merseyside,0
2012,Yorkshire and The Humber,651
2012,East Yorkshire and Northern Lincolnshire,29
2012,North Yorkshire,496
2012,South Yorkshire,43
2012,West Yorkshire,83
2012,East Midlands (UK),579
2012,Derbyshire and Nottinghamshire,350
2012,"Leicestershire, Rutland and Northamptonshire",182
2012,Lincolnshire,48
2012,West Midlands (UK),1261
2012,"Herefordshire, Worcestershire and Warwickshire",234
2012,Shropshire and Staffordshire,0
2012,West Midlands,0
2012,East of England,128
2012,East Anglia,0
2012,Bedfordshire and Hertfordshire,21
2012,Essex,0
2012,London,0
2012,Inner London (NUTS 2010),0
2012,Outer London (NUTS 2010),0
2012,Inner London - West,0
2012,Inner London - East,0
2012,Outer London - East and North East,0
2012,Outer London - South,0
2012,Outer London - West and North West,0
2012,South East (UK),529
2012,"Berkshire, Buckinghamshire and Oxfordshire",145
2012,"Surrey, East and West Sussex",174
2012,Hampshire and Isle of Wight,0
2012,Kent,0
2012,South West (UK),3258
2012,"Gloucestershire, Wiltshire and Bristol/Bath area",624
2012,Dorset and Somerset,1089
2012,Cornwall and Isles of Scilly,555
2012,Devon,989
2012,Wales,1711
2012,West Wales and The Valleys,1231
2012,East Wales,480
2012,Scotland,1394
2012,North Eastern Scotland (NUTS 2003),0
2012,Eastern Scotland,161
2012,South Western Scotland,1061
2012,Highlands and Islands (NUTS 2003),0
2012,North Eastern Scotland,67
2012,Highlands and Islands,105
2012,Northern Ireland (UK),2184
2012,Northern Ireland (UK),2184
2012,Crna Gora,149.6
2012,Crna Gora,149.6
2012,Istanbul,321.02
2012,Istanbul,321.02
2012,Bati Marmara,1100.4
2012,"Tekirdag, Edirne, Kirklareli",297.76
2012,"Balikesir, eanakkale",802.64
2012,Ege,1455.02
2012,Izmir,670.35
2012,"Aydin, Denizli, Mugla",442.63
2012,"Manisa, Afyonkarahisar, Ketahya, Usak",342.04
2012,Dogu Marmara,2047.82
2012,"Bursa, Eskisehir, Bilecik",947.16
2012,"Kocaeli, Sakarya, Dezce, Bolu, Yalova",1100.66
2012,Bati Anadolu,1282.09
2012,Ankara,52.82
2012,"Konya, Karaman",1229.27
2012,Akdeniz,765.35
2012,"Antalya, Isparta, Burdur",449.74
2012,"Adana, Mersin",178.88
2012,"Hatay, Kahramanmaras, Osmaniye",136.74
2012,Orta Anadolu,471.23
2012,"Kirikkale, Aksaray, Nigde, Nevsehir, Kirsehir",421.61
2012,"Kayseri, Sivas, Yozgat",49.62
2012,Bati Karadeniz,249.58
2012,"Zonguldak, Karabek, Bartin",57.97
2012,"Kastamonu, eankiri, Sinop",31.22
2012,"Samsun, Tokat, eorum, Amasya",160.4
2012,Dogu Karadeniz,77.91
2012,"Trabzon, Ordu, Giresun, Rize, Artvin, Gemeshane",77.91
2012,Kuzeydogu Anadolu,74.83
2012,"Erzurum, Erzincan, Bayburt",23.79
2012,"Agri, Kars, Igdir, Ardahan",51.04
2012,Ortadogu Anadolu,45.32
2012,"Malatya, Elazig, Bingel, Tunceli",35.5
2012,"Van, Mus, Bitlis, Hakkari",9.82
2012,Geneydogu Anadolu,41.92
2012,"Gaziantep, Adiyaman, Kilis",23.73
2012,"Sanliurfa, Diyarbakir",6.48
2012,"Mardin, Batman, Sirnak, Siirt",11.72
2013,Region de Bruxelles-Capitale / Brussels Hoofdstedelijk Gewest,0
2013,Region de Bruxelles-Capitale / Brussels Hoofdstedelijk Gewest,0
2013,Vlaams Gewest,2220.4
2013,Prov. Antwerpen,612.68
2013,Prov. Limburg (BE),281.6
2013,Prov. Oost-Vlaanderen,550.87
2013,Prov. Vlaams-Brabant,107.64
2013,Prov. West-Vlaanderen,667.61
2013,Region wallonne,1254.38
2013,Prov. Brabant Wallon,46.38
2013,Prov. Hainaut,348.33
2013,Prov. Liege,526.48
2013,Prov. Luxembourg (BE),157.65
2013,Prov. Namur,175.54
2013,Severna i yugoiztochna Bulgaria,677
2013,Severozapaden,168
2013,Severen tsentralen,147
2013,Severoiztochen,157
2013,Yugoiztochen,205
2013,Yugozapadna i yuzhna tsentralna Bulgaria,472
2013,Yugozapaden,137
2013,Yuzhen tsentralen,335
2013,Ceske republika,2849.43
2013,Praha,3.15
2013,Stredne Cechy,367.38
2013,Jihozepad,634.81
2013,Severozepad,99.55
2013,Severovechod,565.53
2013,Jihovechod,664.19
2013,Stredne Morava,346.18
2013,Moravskoslezsko,168.65
2013,Danmark,5025.4
2013,Hovedstaden,75.4
2013,Sjelland,170.9
2013,Syddanmark,2060.4
2013,Midtjylland,1532.7
2013,Nordjylland,1186
2013,Baden-Werttemberg,2312.6
2013,Stuttgart,670.7
2013,Karlsruhe,156.7
2013,Freiburg,412.4
2013,Tebingen,1072.8
2013,Bayern,7918.3
2013,Oberbayern,2338.8
2013,Niederbayern,981.2
2013,Oberpfalz,1072.4
2013,Oberfranken,610.9
2013,Mittelfranken,763.8
2013,Unterfranken,224.7
2013,Schwaben,1926.5
2013,Berlin,1
2013,Berlin,1
2013,Brandenburg,1384.9
2013,Brandenburg,1384.9
2013,Brandenburg - Nordost (NUTS 2006),0
2013,Brandenburg - Sedwest (NUTS 2006),0
2013,Bremen,29.3
2013,Bremen,29.3
2013,Hamburg,7.3
2013,Hamburg,7.3
2013,Hessen,1012.3
2013,Darmstadt,0
2013,Gieeen,265.2
2013,Kassel,0
2013,Mecklenburg-Vorpommern,1533
2013,Mecklenburg-Vorpommern,1533
2013,Niedersachsen,6453
2013,Braunschweig,205.4
2013,Hannover,553.4
2013,Leneburg,2416.7
2013,Weser-Ems,3277.4
2013,Nordrhein-Westfalen,3190.1
2013,Desseldorf,855.1
2013,Keln,628.8
2013,Menster,801.1
2013,Detmold,440.8
2013,Arnsberg,464.2
2013,Rheinland-Pfalz,833.3
2013,Koblenz,249.1
2013,Trier,482.4
2013,Rheinhessen-Pfalz,101.8
2013,Saarland,94.5
2013,Saarland,94.5
2013,Sachsen,1688.7
2013,Chemnitz (NUTS 2006),0
2013,Dresden,610.9
2013,Leipzig (NUTS 2006),0
2013,Chemnitz,795.3
2013,Leipzig,282.5
2013,Sachsen-Anhalt,1087.6
2013,Sachsen-Anhalt,1087.6
2013,Dessau (NUTS 1999),0
2013,Halle (NUTS 2003),0
2013,Magdeburg (NUTS 2003),0
2013,Schleswig-Holstein,2803.9
2013,Schleswig-Holstein,2803.9
2013,Theringen,987.9
2013,Theringen,987.9
2013,Eesti,771.6
2013,Eesti,771.6
2013,eire/Ireland,5600.7
2013,"Border, Midland and Western",1126.93
2013,Southern and Eastern,4473.77
2013,Voreia Ellada,0
2013,"Anatoliki Makedonia, Thraki",0
2013,Kentriki Makedonia,0
2013,Dytiki Makedonia,0
2013,Ipeiros,0
2013,Voreia Ellada (NUTS 2010),513.8
2013,"Anatoliki Makedonia, Thraki (NUTS 2010)",101.8
2013,Kentriki Makedonia (NUTS 2010),292.8
2013,Dytiki Makedonia (NUTS 2010),26.3
2013,Thessalia (NUTS 2010),92.9
2013,Kentriki Ellada,0
2013,Thessalia,0
2013,Ionia Nisia,0
2013,Dytiki Ellada,0
2013,Sterea Ellada,0
2013,Peloponnisos,0
2013,Kentriki Ellada (NUTS 2010),65.62
2013,Ipeiros (NUTS 2010),16.5
2013,Ionia Nisia (NUTS 2010),0.12
2013,Dytiki Ellada (NUTS 2010),18.4
2013,Sterea Ellada (NUTS 2010),27.3
2013,Peloponnisos (NUTS 2010),3.3
2013,Attiki,91
2013,Attiki,91
2013,"Nisia Aigaiou, Kriti",18.13
2013,Voreio Aigaio,1.7
2013,Notio Aigaio,16.3
2013,Kriti,0.13
2013,Noroeste (ES),3541.27
2013,Galicia,2584.86
2013,Principado de Asturias,544.6
2013,Cantabria,411.82
2013,Noreste (ES),518.61
2013,Paes Vasco,173.54
2013,Comunidad Foral de Navarra,200.21
2013,La Rioja,17.74
2013,Aragen,127.11
2013,Comunidad de Madrid,62.23
2013,Comunidad de Madrid,62.23
2013,Centro (ES),1054.57
2013,Castilla y Leen,814.08
2013,Castilla-la Mancha,212.3
2013,Extremadura,28.19
2013,Este (ES),795.83
2013,Cataluea,664.8
2013,Comunidad Valenciana,63.66
2013,Illes Balears,67.37
2013,Sur (ES),550.37
2013,Andalucea,499.76
2013,Regien de Murcia,50.61
2013,Ciudad Autenoma de Ceuta (ES),0
2013,Ciudad Autenoma de Melilla (ES),0
2013,Canarias (ES),36.3
2013,Canarias (ES),36.3
2013,ele de France,46.86
2013,ele de France,46.96
2013,Bassin Parisien,6106.26
2013,Champagne-Ardenne,655.33
2013,Picardie,919.64
2013,Haute-Normandie,871.31
2013,Centre (FR),462.07
2013,Basse-Normandie,2833.12
2013,Bourgogne,364.78
2013,Nord - Pas-de-Calais,1387.77
2013,Nord - Pas-de-Calais,1387.77
2013,Est (FR),2761.02
2013,Lorraine,1268.55
2013,Alsace,320.75
2013,Franche-Comte,1171.72
2013,Ouest (FR),9695.48
2013,Pays de la Loire,3749.47
2013,Bretagne,5311.78
2013,Poitou-Charentes,634.23
2013,Sud-Ouest (FR),1564.65
2013,Aquitaine,580.54
2013,Midi-Pyrenees,820.82
2013,Limousin,163.28
2013,Centre-Est (FR),2764.52
2013,Rhene-Alpes,1578.5
2013,Auvergne,1186.02
2013,Mediterranee,114.14
2013,Languedoc-Roussillon,85.89
2013,Provence-Alpes-Cete d'Azur,28.26
2013,Corse,0
2013,Departements d'outre-mer,19.07
2013,Guadeloupe,0
2013,Martinique,0.38
2013,Guyane,0.06
2013,La Reunion,18.64
2013,Mayotte,0
2013,Departements d'outre-mer (NUTS 2010),19.07
2013,Guadeloupe (NUTS 2010),0
2013,Martinique (NUTS 2010),0.38
2013,Guyane (NUTS 2010),0.06
2013,Reunion (NUTS 2010),18.64
2013,Jadranska Hrvatska,61
2013,Kontinentalna Hrvatska,656
2013,Sjeverozapadna Hrvatska (former statistical region),0
2013,Sredisnja i Istocna (Panonska) Hrvatska (former statistical region),0
2013,Nord-Ovest,5146.88
2013,Piemonte,869.75
2013,Valle d'Aosta/Vallee d'Aoste,47.92
2013,Liguria,35
2013,Lombardia,4194.21
2013,Nord-Est,4173.49
2013,Provincia Autonoma di Bolzano/Bozen,396.72
2013,Provincia Autonoma di Trento,157.45
2013,Veneto,997.37
2013,Friuli-Venezia Giulia,216.34
2013,Emilia-Romagna,2405.61
2013,Nord-Est (NUTS 2006),0
2013,Emilia-Romagna (NUTS 2006),0
2013,Centro (IT),645.05
2013,Toscana,65.59
2013,Umbria,67.94
2013,Marche,62.63
2013,Lazio,448.89
2013,Centro (I) (NUTS 2006),0
2013,Marche (NUTS 2006),0
2013,Sud,858.09
2013,Abruzzo,43.14
2013,Molise,76.97
2013,Campania,327.66
2013,Puglia,269.98
2013,Basilicata,52.33
2013,Calabria,88.01
2013,Isole,457.75
2013,Sicilia,206.55
2013,Sardegna,251.2
2013,Kypros,163.27
2013,Kypros,163.27
2013,Latvija,912
2013,Latvija,912
2013,Lietuva,1719.51
2013,Lietuva,1719.51
2013,Luxembourg,295.86
2013,Luxembourg,295.86
2013,Luxembourg,295.86
2013,Kezep-Magyarorszeg,125.3
2013,Kezep-Magyarorszeg,125.3
2013,Dunentel,708.79
2013,Kezep-Dunentel,252.52
2013,Nyugat-Dunentel,256.54
2013,Del-Dunentel,199.73
2013,Alfeld es eszak,938.67
2013,eszak-Magyarorszeg,126.76
2013,eszak-Alfeld,412.52
2013,Del-Alfeld,399.4
2013,Malta,40.92
2013,Malta,40.92
2013,Noord-Nederland,3769
2013,Groningen,772
2013,Friesland (NL),2187
2013,Drenthe,810
2013,Oost-Nederland,4069
2013,Overijssel,1970
2013,Gelderland,1842
2013,Flevoland,257
2013,West-Nederland,2220
2013,Utrecht,660
2013,Noord-Holland,633
2013,Zuid-Holland,769
2013,Zeeland,158
2013,Zuid-Nederland,2154
2013,Noord-Brabant,1760
2013,Limburg (NL),394
2013,Ostesterreich,706.71
2013,Burgenland (AT),28.55
2013,Niederesterreich,678.16
2013,Wien,0
2013,Sedesterreich,745.71
2013,Kernten,218.72
2013,Steiermark,526.98
2013,Westesterreich,1940.64
2013,Oberesterreich,1074.68
2013,Salzburg,339.41
2013,Tirol,360.49
2013,Vorarlberg,166.07
2013,Region Centralny,3715
2013,Ledzkie,977
2013,Mazowieckie,2738
2013,Region Poludniowy,611
2013,Malopolskie,363
2013,Slaskie,248
2013,Region Wschodni,3683
2013,Lubelskie,724
2013,Podkarpackie,253
2013,Swietokrzyskie,274
2013,Podlaskie,2432
2013,Region Pelnocno-Zachodni,2080
2013,Wielkopolskie,1806
2013,Zachodniopomorskie,163
2013,Lubuskie,111
2013,Region Poludniowo-Zachodni,449
2013,Dolnoslaskie,195
2013,Opolskie,254
2013,Region Pelnocny,2180
2013,Kujawsko-Pomorskie,898
2013,Warminsko-Mazurskie,913
2013,Pomorskie,369
2013,Continente,1296.73
2013,Norte,730.82
2013,Algarve,0.28
2013,Centro (PT),252.54
2013,erea Metropolitana de Lisboa,69.7
2013,Alentejo,243.39
2013,Regieo Autenoma dos Aeores (PT),552.64
2013,Regieo Autenoma dos Aeores (PT),596.46
2013,Regieo Autenoma da Madeira (PT),1.24
2013,Regieo Autenoma da Madeira (PT),1.24
2013,Macroregiunea unu,1396
2013,Nord-Vest,763
2013,Centru,633
2013,Macroregiunea doi,1388
2013,Nord-Est,959
2013,Sud-Est,429
2013,Macroregiunea trei,497
2013,Sud - Muntenia,483
2013,Bucuresti - Ilfov,14
2013,Macroregiunea patru,685
2013,Sud-Vest Oltenia,368
2013,Vest,317
2013,Slovenija,595.5
2013,Vzhodna Slovenija,396.05
2013,Vzhodna Slovenija (NUTS 2010),389.52
2013,Zahodna Slovenija,199.45
2013,Zahodna Slovenija (NUTS 2010),205.98
2013,Slovensko,933.9
2013,Bratislavske kraj,41.75
2013,Zepadne Slovensko,495.33
2013,Stredne Slovensko,220.43
2013,Vechodne Slovensko,154.45
2013,Manner-Suomi,2311.7
2013,Ite-Suomi (NUTS 2006),0
2013,Etele-Suomi (NUTS 2006),0
2013,Lensi-Suomi,664.97
2013,Pohjois-Suomi (NUTS 2006),0
2013,Helsinki-Uusimaa,68.64
2013,Etele-Suomi,295.51
2013,Pohjois- ja Ite-Suomi,1282.58
2013,eland,16.12
2013,eland,16.12
2013,estra Sverige,473.09
2013,Stockholm,26.39
2013,estra Mellansverige,446.71
2013,Sedra Sverige,1921.14
2013,Smeland med earna,843.37
2013,Sydsverige,369.27
2013,Vestsverige,708.5
2013,Norra Sverige,475.35
2013,Norra Mellansverige,183.71
2013,Mellersta Norrland,123.26
2013,evre Norrland,168.38
2013,North East (UK),107
2013,Tees Valley and Durham,0
2013,Northumberland and Tyne and Wear,0
2013,North West (UK),2098
2013,Cumbria,0
2013,Cheshire (NUTS 2006),0
2013,Greater Manchester,0
2013,Lancashire,0
2013,Merseyside (NUTS 2006),0
2013,Cheshire,0
2013,Merseyside,0
2013,Yorkshire and The Humber,653
2013,East Yorkshire and Northern Lincolnshire,0
2013,North Yorkshire,0
2013,South Yorkshire,0
2013,West Yorkshire,0
2013,East Midlands (UK),588
2013,Derbyshire and Nottinghamshire,0
2013,"Leicestershire, Rutland and Northamptonshire",0
2013,Lincolnshire,0
2013,West Midlands (UK),1284
2013,"Herefordshire, Worcestershire and Warwickshire",0
2013,Shropshire and Staffordshire,0
2013,West Midlands,0
2013,East of England,129
2013,East Anglia,0
2013,Bedfordshire and Hertfordshire,0
2013,Essex,0
2013,London,0
2013,Inner London (NUTS 2010),0
2013,Outer London (NUTS 2010),0
2013,Inner London - West,0
2013,Inner London - East,0
2013,Outer London - East and North East,0
2013,Outer London - South,0
2013,Outer London - West and North West,0
2013,South East (UK),536
2013,"Berkshire, Buckinghamshire and Oxfordshire",0
2013,"Surrey, East and West Sussex",0
2013,Hampshire and Isle of Wight,0
2013,Kent,0
2013,South West (UK),3315
2013,"Gloucestershire, Wiltshire and Bristol/Bath area",0
2013,Dorset and Somerset,0
2013,Cornwall and Isles of Scilly,0
2013,Devon,0
2013,Wales,1749
2013,West Wales and The Valleys,0
2013,East Wales,0
2013,Scotland,1298
2013,North Eastern Scotland (NUTS 2003),0
2013,Eastern Scotland,0
2013,South Western Scotland,0
2013,Highlands and Islands (NUTS 2003),0
2013,North Eastern Scotland,0
2013,Highlands and Islands,0
2013,Northern Ireland (UK),2189
2013,Northern Ireland (UK),2189
2013,Crna Gora,172.75
2013,Crna Gora,172.75
2013,Istanbul,78.3
2013,Istanbul,310.56
2013,Bati Marmara,1779.7
2013,"Tekirdag, Edirne, Kirklareli",756.8
2013,"Balikesir, eanakkale",1022.9
2013,Ege,2672.4
2013,Izmir,730.7
2013,"Aydin, Denizli, Mugla",922.8
2013,"Manisa, Afyonkarahisar, Ketahya, Usak",1018.9
2013,Dogu Marmara,971.6
2013,"Bursa, Eskisehir, Bilecik",458.1
2013,"Kocaeli, Sakarya, Dezce, Bolu, Yalova",513.5
2013,Bati Anadolu,1157.7
2013,Ankara,218.4
2013,"Konya, Karaman",939.3
2013,Akdeniz,1605.3
2013,"Antalya, Isparta, Burdur",703.3
2013,"Adana, Mersin",465
2013,"Hatay, Kahramanmaras, Osmaniye",437
2013,Orta Anadolu,1931.2
2013,"Kirikkale, Aksaray, Nigde, Nevsehir, Kirsehir",756.9
2013,"Kayseri, Sivas, Yozgat",1174.3
2013,Bati Karadeniz,1712.2
2013,"Zonguldak, Karabek, Bartin",187.5
2013,"Kastamonu, eankiri, Sinop",542.9
2013,"Samsun, Tokat, eorum, Amasya",981.8
2013,Dogu Karadeniz,648.4
2013,"Trabzon, Ordu, Giresun, Rize, Artvin, Gemeshane",74.39
2013,Kuzeydogu Anadolu,2077.5
2013,"Erzurum, Erzincan, Bayburt",899.1
2013,"Agri, Kars, Igdir, Ardahan",1178.4
2013,Ortadogu Anadolu,1166.6
2013,"Malatya, Elazig, Bingel, Tunceli",632
2013,"Van, Mus, Bitlis, Hakkari",534.6
2013,Geneydogu Anadolu,854.3
2013,"Gaziantep, Adiyaman, Kilis",182.7
2013,"Sanliurfa, Diyarbakir",436.9
2013,"Mardin, Batman, Sirnak, Siirt",234.7
2014,Region de Bruxelles-Capitale / Brussels Hoofdstedelijk Gewest,0
2014,Region de Bruxelles-Capitale / Brussels Hoofdstedelijk Gewest,0
2014,Vlaams Gewest,2307.05
2014,Prov. Antwerpen,628.42
2014,Prov. Limburg (BE),288.06
2014,Prov. Oost-Vlaanderen,579.19
2014,Prov. Vlaams-Brabant,113.19
2014,Prov. West-Vlaanderen,698.18
2014,Region wallonne,1382.38
2014,Prov. Brabant Wallon,50.62
2014,Prov. Hainaut,380.17
2014,Prov. Liege,577.14
2014,Prov. Luxembourg (BE),179.78
2014,Prov. Namur,194.67
2014,Severna i yugoiztochna Bulgaria,728
2014,Severozapaden,149
2014,Severen tsentralen,185
2014,Severoiztochen,168
2014,Yugoiztochen,226
2014,Yugozapadna i yuzhna tsentralna Bulgaria,375
2014,Yugozapaden,87
2014,Yuzhen tsentralen,288
2014,Ceske republika,2933.46
2014,Praha,3.02
2014,Stredne Cechy,369.13
2014,Jihozepad,656.94
2014,Severozepad,107.93
2014,Severovechod,586.12
2014,Jihovechod,679.68
2014,Stredne Morava,358.88
2014,Moravskoslezsko,171.76
2014,Danmark,5112.5
2014,Hovedstaden,76.7
2014,Sjelland,173.8
2014,Syddanmark,2096.1
2014,Midtjylland,1559.3
2014,Nordjylland,1206.6
2014,Baden-Werttemberg,2356.6
2014,Stuttgart,676.4
2014,Karlsruhe,162.3
2014,Freiburg,415.8
2014,Tebingen,1102.1
2014,Bayern,8165.4
2014,Oberbayern,2440.4
2014,Niederbayern,1021
2014,Oberpfalz,1117.1
2014,Oberfranken,625.3
2014,Mittelfranken,790.4
2014,Unterfranken,225.6
2014,Schwaben,1945.6
2014,Berlin,1
2014,Berlin,1
2014,Brandenburg,1430.8
2014,Brandenburg,0
2014,Brandenburg - Nordost (NUTS 2006),0
2014,Brandenburg - Sedwest (NUTS 2006),0
2014,Bremen,30.8
2014,Bremen,30.8
2014,Hamburg,7.6
2014,Hamburg,7.6
2014,Hessen,1032
2014,Darmstadt,207.2
2014,Gieeen,270.1
2014,Kassel,554.7
2014,Mecklenburg-Vorpommern,1606.3
2014,Mecklenburg-Vorpommern,1606.3
2014,Niedersachsen,6684.6
2014,Braunschweig,207
2014,Hannover,571.3
2014,Leneburg,2531.6
2014,Weser-Ems,3374.6
2014,Nordrhein-Westfalen,3313.5
2014,Desseldorf,888.8
2014,Keln,653.2
2014,Menster,828.7
2014,Detmold,452.8
2014,Arnsberg,490
2014,Rheinland-Pfalz,869
2014,Koblenz,261.7
2014,Trier,504.2
2014,Rheinhessen-Pfalz,103
2014,Saarland,100.2
2014,Saarland,100.2
2014,Sachsen,1728.5
2014,Chemnitz (NUTS 2006),0
2014,Dresden,621.4
2014,Leipzig (NUTS 2006),0
2014,Chemnitz,821.3
2014,Leipzig,285.8
2014,Sachsen-Anhalt,1123.9
2014,Sachsen-Anhalt,0
2014,Dessau (NUTS 1999),0
2014,Halle (NUTS 2003),0
2014,Magdeburg (NUTS 2003),0
2014,Schleswig-Holstein,2927.5
2014,Schleswig-Holstein,2927.5
2014,Theringen,1017.2
2014,Theringen,1017.2
2014,Eesti,804.8
2014,Eesti,804.8
2014,eire/Ireland,5821.3
2014,"Border, Midland and Western",1177.45
2014,Southern and Eastern,4643.85
2014,Voreia Ellada,546.41
2014,"Anatoliki Makedonia, Thraki",113.73
2014,Kentriki Makedonia,352.4
2014,Dytiki Makedonia,54.35
2014,Ipeiros,25.94
2014,Voreia Ellada (NUTS 2010),0
2014,"Anatoliki Makedonia, Thraki (NUTS 2010)",0
2014,Kentriki Makedonia (NUTS 2010),0
2014,Dytiki Makedonia (NUTS 2010),0
2014,Thessalia (NUTS 2010),0
2014,Kentriki Ellada,185.55
2014,Thessalia,123.15
2014,Ionia Nisia,0.86
2014,Dytiki Ellada,30.96
2014,Sterea Ellada,26.06
2014,Peloponnisos,4.52
2014,Kentriki Ellada (NUTS 2010),0
2014,Ipeiros (NUTS 2010),0
2014,Ionia Nisia (NUTS 2010),0
2014,Dytiki Ellada (NUTS 2010),0
2014,Sterea Ellada (NUTS 2010),0
2014,Peloponnisos (NUTS 2010),0
2014,Attiki,16.17
2014,Attiki,7.9
2014,"Nisia Aigaiou, Kriti",20.92
2014,Voreio Aigaio,3.44
2014,Notio Aigaio,16.57
2014,Kriti,0.91
2014,Noroeste (ES),3677.74
2014,Galicia,2652.26
2014,Principado de Asturias,583.65
2014,Cantabria,441.83
2014,Noreste (ES),539.14
2014,Paes Vasco,178.97
2014,Comunidad Foral de Navarra,214.66
2014,La Rioja,17.9
2014,Aragen,127.61
2014,Comunidad de Madrid,61.74
2014,Comunidad de Madrid,61.74
2014,Centro (ES),1069.67
2014,Castilla y Leen,841.68
2014,Castilla-la Mancha,198.61
2014,Extremadura,29.39
2014,Este (ES),828.64
2014,Cataluea,687.68
2014,Comunidad Valenciana,71.05
2014,Illes Balears,69.91
2014,Sur (ES),571.5
2014,Andalucea,515.64
2014,Regien de Murcia,55.86
2014,Ciudad Autenoma de Ceuta (ES),0
2014,Ciudad Autenoma de Melilla (ES),0
2014,Canarias (ES),31.31
2014,Canarias (ES),31.31
2014,ele de France,47.18
2014,ele de France,47.18
2014,Bassin Parisien,6430.26
2014,Champagne-Ardenne,692.38
2014,Picardie,955.82
2014,Haute-Normandie,911.94
2014,Centre (FR),483.69
2014,Basse-Normandie,3003.73
2014,Bourgogne,382.7
2014,Nord - Pas-de-Calais,1471.45
2014,Nord - Pas-de-Calais,1471.45
2014,Est (FR),2976.82
2014,Lorraine,1368.65
2014,Alsace,341.14
2014,Franche-Comte,1267.03
2014,Ouest (FR),10221.37
2014,Pays de la Loire,3984.64
2014,Bretagne,5585.36
2014,Poitou-Charentes,651.37
2014,Sud-Ouest (FR),1572.51
2014,Aquitaine,581.71
2014,Midi-Pyrenees,822.21
2014,Limousin,168.59
2014,Centre-Est (FR),2872.62
2014,Rhene-Alpes,1612.09
2014,Auvergne,1260.54
2014,Mediterranee,115.93
2014,Languedoc-Roussillon,87.67
2014,Provence-Alpes-Cete d'Azur,28.26
2014,Corse,0
2014,Departements d'outre-mer,20.18
2014,Guadeloupe,0
2014,Martinique,0.38
2014,Guyane,0.06
2014,La Reunion,19.75
2014,Mayotte,0
2014,Departements d'outre-mer (NUTS 2010),0
2014,Guadeloupe (NUTS 2010),0
2014,Martinique (NUTS 2010),0
2014,Guyane (NUTS 2010),0
2014,Reunion (NUTS 2010),0
2014,Jadranska Hrvatska,62
2014,Kontinentalna Hrvatska,649
2014,Sjeverozapadna Hrvatska (former statistical region),0
2014,Sredisnja i Istocna (Panonska) Hrvatska (former statistical region),0
2014,Nord-Ovest,5568.1
2014,Piemonte,860.41
2014,Valle d'Aosta/Vallee d'Aoste,47.65
2014,Liguria,28.96
2014,Lombardia,4631.09
2014,Nord-Est,4424.01
2014,Provincia Autonoma di Bolzano/Bozen,422.25
2014,Provincia Autonoma di Trento,167.88
2014,Veneto,1041.82
2014,Friuli-Venezia Giulia,194.72
2014,Emilia-Romagna,2597.35
2014,Nord-Est (NUTS 2006),0
2014,Emilia-Romagna (NUTS 2006),0
2014,Centro (IT),620.3
2014,Toscana,66.41
2014,Umbria,68.56
2014,Marche,66.06
2014,Lazio,419.27
2014,Centro (I) (NUTS 2006),0
2014,Marche (NUTS 2006),0
2014,Sud,831.99
2014,Abruzzo,36.38
2014,Molise,69.6
2014,Campania,329.47
2014,Puglia,243.13
2014,Basilicata,57.9
2014,Calabria,95.51
2014,Isole,462.78
2014,Sicilia,222.35
2014,Sardegna,240.43
2014,Kypros,164.6
2014,Kypros,164.6
2014,Latvija,968.9
2014,Latvija,968.9
2014,Lietuva,1791.13
2014,Lietuva,1791.13
2014,Luxembourg,317.05
2014,Luxembourg,317.05
2014,Luxembourg,317.05
2014,Kezep-Magyarorszeg,135.74
2014,Kezep-Magyarorszeg,135.74
2014,Dunentel,756.15
2014,Kezep-Dunentel,276.18
2014,Nyugat-Dunentel,261.74
2014,Del-Dunentel,218.24
2014,Alfeld es eszak,983.83
2014,eszak-Magyarorszeg,126.8
2014,eszak-Alfeld,441.79
2014,Del-Alfeld,415.24
2014,Malta,42.77
2014,Malta,42.77
2014,Noord-Nederland,3853
2014,Groningen,792
2014,Friesland (NL),2230
2014,Drenthe,831
2014,Oost-Nederland,4161
2014,Overijssel,2006
2014,Gelderland,1895
2014,Flevoland,259
2014,West-Nederland,2268
2014,Utrecht,669
2014,Noord-Holland,648
2014,Zuid-Holland,784
2014,Zeeland,167
2014,Zuid-Nederland,2191
2014,Noord-Brabant,1787
2014,Limburg (NL),404
2014,Ostesterreich,721.46
2014,Burgenland (AT),28.72
2014,Niederesterreich,692.74
2014,Wien,0
2014,Sedesterreich,766.09
2014,Kernten,224.86
2014,Steiermark,541.23
2014,Westesterreich,2006.32
2014,Oberesterreich,1108.53
2014,Salzburg,356.03
2014,Tirol,371.05
2014,Vorarlberg,170.71
2014,Region Centralny,3899
2014,Ledzkie,1079
2014,Mazowieckie,2820
2014,Region Poludniowy,616
2014,Malopolskie,369
2014,Slaskie,247
2014,Region Wschodni,3696
2014,Lubelskie,768
2014,Podkarpackie,237
2014,Swietokrzyskie,254
2014,Podlaskie,2437
2014,Region Pelnocno-Zachodni,1982
2014,Wielkopolskie,1693
2014,Zachodniopomorskie,180
2014,Lubuskie,109
2014,Region Poludniowo-Zachodni,490
2014,Dolnoslaskie,207
2014,Opolskie,283
2014,Region Pelnocny,2303
2014,Kujawsko-Pomorskie,928
2014,Warminsko-Mazurskie,1006
2014,Pomorskie,369
2014,Continente,1344.2
2014,Norte,758.04
2014,Algarve,0.28
2014,Centro (PT),253.44
2014,erea Metropolitana de Lisboa,83.13
2014,Alentejo,249.32
2014,Regieo Autenoma dos Aeores (PT),654.6
2014,Regieo Autenoma dos Aeores (PT),654.6
2014,Regieo Autenoma da Madeira (PT),1.49
2014,Regieo Autenoma da Madeira (PT),1.49
2014,Macroregiunea unu,1452
2014,Nord-Vest,747
2014,Centru,705
2014,Macroregiunea doi,1448
2014,Nord-Est,1014
2014,Sud-Est,434
2014,Macroregiunea trei,489
2014,Sud - Muntenia,473
2014,Bucuresti - Ilfov,16
2014,Macroregiunea patru,712
2014,Sud-Vest Oltenia,392
2014,Vest,320
2014,Slovenija,616.58
2014,Vzhodna Slovenija,406.65
2014,Vzhodna Slovenija (NUTS 2010),0
2014,Zahodna Slovenija,209.93
2014,Zahodna Slovenija (NUTS 2010),0
2014,Slovensko,930.71
2014,Bratislavske kraj,45.29
2014,Zepadne Slovensko,504.04
2014,Stredne Slovensko,223.64
2014,Vechodne Slovensko,157.74
2014,Manner-Suomi,2382.49
2014,Ite-Suomi (NUTS 2006),0
2014,Etele-Suomi (NUTS 2006),0
2014,Lensi-Suomi,681.33
2014,Pohjois-Suomi (NUTS 2006),0
2014,Helsinki-Uusimaa,68.75
2014,Etele-Suomi,302.86
2014,Pohjois- ja Ite-Suomi,1329.55
2014,eland,17.52
2014,eland,17.52
2014,estra Sverige,483.88
2014,Stockholm,27.12
2014,estra Mellansverige,456.75
2014,Sedra Sverige,1967.85
2014,Smeland med earna,855.11
2014,Sydsverige,382.72
2014,Vestsverige,730.02
2014,Norra Sverige,479.52
2014,Norra Mellansverige,190.45
2014,Mellersta Norrland,122.25
2014,evre Norrland,166.83
2014,North East (UK),112
2014,Tees Valley and Durham,0
2014,Northumberland and Tyne and Wear,0
2014,North West (UK),2258
2014,Cumbria,891
2014,Cheshire (NUTS 2006),0
2014,Greater Manchester,0
2014,Lancashire,541
2014,Merseyside (NUTS 2006),0
2014,Cheshire,781
2014,Merseyside,0
2014,Yorkshire and The Humber,696
2014,East Yorkshire and Northern Lincolnshire,33
2014,North Yorkshire,529
2014,South Yorkshire,47
2014,West Yorkshire,88
2014,East Midlands (UK),624
2014,Derbyshire and Nottinghamshire,375
2014,"Leicestershire, Rutland and Northamptonshire",199
2014,Lincolnshire,49
2014,West Midlands (UK),1369
2014,"Herefordshire, Worcestershire and Warwickshire",245
2014,Shropshire and Staffordshire,0
2014,West Midlands,0
2014,East of England,133
2014,East Anglia,0
2014,Bedfordshire and Hertfordshire,19
2014,Essex,0
2014,London,0
2014,Inner London (NUTS 2010),0
2014,Outer London (NUTS 2010),0
2014,Inner London - West,0
2014,Inner London - East,0
2014,Outer London - East and North East,0
2014,Outer London - South,0
2014,Outer London - West and North West,0
2014,South East (UK),553
2014,"Berkshire, Buckinghamshire and Oxfordshire",151
2014,"Surrey, East and West Sussex",186
2014,Hampshire and Isle of Wight,0
2014,Kent,0
2014,South West (UK),3527
2014,"Gloucestershire, Wiltshire and Bristol/Bath area",666
2014,Dorset and Somerset,1186
2014,Cornwall and Isles of Scilly,589
2014,Devon,1086
2014,Wales,1904
2014,West Wales and The Valleys,1370
2014,East Wales,534
2014,Scotland,1379
2014,North Eastern Scotland (NUTS 2003),0
2014,Eastern Scotland,149
2014,South Western Scotland,1077
2014,Highlands and Islands (NUTS 2003),0
2014,North Eastern Scotland,59
2014,Highlands and Islands,94
2014,Northern Ireland (UK),2531
2014,Northern Ireland (UK),2531
2014,Crna Gora,178.12
2014,Crna Gora,178.12
2014,Istanbul,74.7
2014,Istanbul,74.7
2014,Bati Marmara,1791.7
2014,"Tekirdag, Edirne, Kirklareli",731.9
2014,"Balikesir, eanakkale",1059.8
2014,Ege,2804.5
2014,Izmir,843.3
2014,"Aydin, Denizli, Mugla",927.1
2014,"Manisa, Afyonkarahisar, Ketahya, Usak",1034.1
2014,Dogu Marmara,977.7
2014,"Bursa, Eskisehir, Bilecik",459.8
2014,"Kocaeli, Sakarya, Dezce, Bolu, Yalova",517.9
2014,Bati Anadolu,1208.4
2014,Ankara,230.9
2014,"Konya, Karaman",977.5
2014,Akdeniz,1546.9
2014,"Antalya, Isparta, Burdur",711.1
2014,"Adana, Mersin",387.9
2014,"Hatay, Kahramanmaras, Osmaniye",447.9
2014,Orta Anadolu,1939.8
2014,"Kirikkale, Aksaray, Nigde, Nevsehir, Kirsehir",792.4
2014,"Kayseri, Sivas, Yozgat",1147.4
2014,Bati Karadeniz,1639.5
2014,"Zonguldak, Karabek, Bartin",160.8
2014,"Kastamonu, eankiri, Sinop",510.6
2014,"Samsun, Tokat, eorum, Amasya",968.1
2014,Dogu Karadeniz,619.1
2014,"Trabzon, Ordu, Giresun, Rize, Artvin, Gemeshane",619.1
2014,Kuzeydogu Anadolu,2312.1
2014,"Erzurum, Erzincan, Bayburt",900.9
2014,"Agri, Kars, Igdir, Ardahan",1411.2
2014,Ortadogu Anadolu,1144.7
2014,"Malatya, Elazig, Bingel, Tunceli",632.1
2014,"Van, Mus, Bitlis, Hakkari",512.6
2014,Geneydogu Anadolu,939.5
2014,"Gaziantep, Adiyaman, Kilis",187.3
2014,"Sanliurfa, Diyarbakir",519.8
2014,"Mardin, Batman, Sirnak, Siirt",232.4
2015,Region de Bruxelles-Capitale / Brussels Hoofdstedelijk Gewest,0
2015,Region de Bruxelles-Capitale / Brussels Hoofdstedelijk Gewest,0
2015,Vlaams Gewest,2392.17
2015,Prov. Antwerpen,651.61
2015,Prov. Limburg (BE),298.69
2015,Prov. Oost-Vlaanderen,600.56
2015,Prov. Vlaams-Brabant,117.37
2015,Prov. West-Vlaanderen,723.94
2015,Region wallonne,1433.39
2015,Prov. Brabant Wallon,52.49
2015,Prov. Hainaut,394.2
2015,Prov. Liege,598.44
2015,Prov. Luxembourg (BE),186.41
2015,Prov. Namur,201.85
2015,Severna i yugoiztochna Bulgaria,636
2015,Severozapaden,140
2015,Severen tsentralen,150
2015,Severoiztochen,158
2015,Yugoiztochen,188
2015,Yugozapadna i yuzhna tsentralna Bulgaria,392
2015,Yugozapaden,97
2015,Yuzhen tsentralen,295
2015,Ceske republika,3025.88
2015,Praha,3.61
2015,Stredne Cechy,379.82
2015,Jihozepad,662.67
2015,Severozepad,110.27
2015,Severovechod,607.12
2015,Jihovechod,718.18
2015,Stredne Morava,368.56
2015,Moravskoslezsko,175.66
2015,Danmark,0
2015,Hovedstaden,0
2015,Sjelland,0
2015,Syddanmark,0
2015,Midtjylland,0
2015,Nordjylland,0
2015,Baden-Werttemberg,2345.5
2015,Stuttgart,679.3
2015,Karlsruhe,165.5
2015,Freiburg,411.7
2015,Tebingen,1089.1
2015,Bayern,8122.3
2015,Oberbayern,2433.5
2015,Niederbayern,1008.4
2015,Oberpfalz,1116.7
2015,Oberfranken,620.1
2015,Mittelfranken,776.2
2015,Unterfranken,221.2
2015,Schwaben,1946.2
2015,Berlin,1
2015,Berlin,0.99
2015,Brandenburg,1449
2015,Brandenburg,0
2015,Brandenburg - Nordost (NUTS 2006),0
2015,Brandenburg - Sedwest (NUTS 2006),0
2015,Bremen,32
2015,Bremen,32.03
2015,Hamburg,7.6
2015,Hamburg,7.64
2015,Hessen,1034.7
2015,Darmstadt,209
2015,Gieeen,269
2015,Kassel,556.7
2015,Mecklenburg-Vorpommern,1625.1
2015,Mecklenburg-Vorpommern,1625.08
2015,Niedersachsen,6856.7
2015,Braunschweig,204
2015,Hannover,585.9
2015,Leneburg,2625.1
2015,Weser-Ems,3441.7
2015,Nordrhein-Westfalen,3333.1
2015,Desseldorf,889.4
2015,Keln,647.8
2015,Menster,839.5
2015,Detmold,457.8
2015,Arnsberg,498.6
2015,Rheinland-Pfalz,867.5
2015,Koblenz,264.5
2015,Trier,498.5
2015,Rheinhessen-Pfalz,104.5
2015,Saarland,98.7
2015,Saarland,98.66
2015,Sachsen,1743.4
2015,Chemnitz (NUTS 2006),0
2015,Dresden,834.1
2015,Leipzig (NUTS 2006),0
2015,Chemnitz,625
2015,Leipzig,284.3
2015,Sachsen-Anhalt,1149.3
2015,Sachsen-Anhalt,0
2015,Dessau (NUTS 1999),0
2015,Halle (NUTS 2003),0
2015,Magdeburg (NUTS 2003),0
2015,Schleswig-Holstein,2977.5
2015,Schleswig-Holstein,2977.51
2015,Theringen,1027.5
2015,Theringen,1031.7
2015,Eesti,782.7
2015,Eesti,782.7
2015,eire/Ireland,6585.12
2015,"Border, Midland and Western",1335.17
2015,Southern and Eastern,5249.95
2015,Voreia Ellada,549.3
2015,"Anatoliki Makedonia, Thraki",119.92
2015,Kentriki Makedonia,359.38
2015,Dytiki Makedonia,45.2
2015,Ipeiros,24.81
2015,Voreia Ellada (NUTS 2010),0
2015,"Anatoliki Makedonia, Thraki (NUTS 2010)",0
2015,Kentriki Makedonia (NUTS 2010),0
2015,Dytiki Makedonia (NUTS 2010),0
2015,Thessalia (NUTS 2010),0
2015,Kentriki Ellada,185.86
2015,Thessalia,127.76
2015,Ionia Nisia,0.86
2015,Dytiki Ellada,27.56
2015,Sterea Ellada,26.61
2015,Peloponnisos,3.07
2015,Kentriki Ellada (NUTS 2010),0
2015,Ipeiros (NUTS 2010),0
2015,Ionia Nisia (NUTS 2010),0
2015,Dytiki Ellada (NUTS 2010),0
2015,Sterea Ellada (NUTS 2010),0
2015,Peloponnisos (NUTS 2010),0
2015,Attiki,13.44
2015,Attiki,8.2
2015,"Nisia Aigaiou, Kriti",21.42
2015,Voreio Aigaio,3.63
2015,Notio Aigaio,16.84
2015,Kriti,0.95
2015,Noroeste (ES),3750.54
2015,Galicia,2722.39
2015,Principado de Asturias,583.54
2015,Cantabria,444.61
2015,Noreste (ES),563.03
2015,Paes Vasco,182.72
2015,Comunidad Foral de Navarra,240.07
2015,La Rioja,17.44
2015,Aragen,122.81
2015,Comunidad de Madrid,57.22
2015,Comunidad de Madrid,0
2015,Centro (ES),1157.04
2015,Castilla y Leen,876.96
2015,Castilla-la Mancha,251.54
2015,Extremadura,28.54
2015,Este (ES),861.62
2015,Cataluea,718.65
2015,Comunidad Valenciana,69.78
2015,Illes Balears,73.2
2015,Sur (ES),604.5
2015,Andalucea,547.44
2015,Regien de Murcia,57.07
2015,Ciudad Autenoma de Ceuta (ES),0
2015,Ciudad Autenoma de Melilla (ES),0
2015,Canarias (ES),35.53
2015,Canarias (ES),0
2015,ele de France,47.33
2015,ele de France,47.33
2015,Bassin Parisien,6432.7
2015,Champagne-Ardenne,706.29
2015,Picardie,948.44
2015,Haute-Normandie,915.25
2015,Centre (FR),462.83
2015,Basse-Normandie,3017.68
2015,Bourgogne,382.22
2015,Nord - Pas-de-Calais,1493.02
2015,Nord - Pas-de-Calais,1493.02
2015,Est (FR),3012.38
2015,Lorraine,1388.97
2015,Alsace,347.98
2015,Franche-Comte,1275.44
2015,Ouest (FR),10315.4
2015,Pays de la Loire,4084.01
2015,Bretagne,5588.2
2015,Poitou-Charentes,643.19
2015,Sud-Ouest (FR),1549.5
2015,Aquitaine,561.67
2015,Midi-Pyrenees,822.21
2015,Limousin,165.62
2015,Centre-Est (FR),2867.02
2015,Rhene-Alpes,1622.67
2015,Auvergne,1244.35
2015,Mediterranee,113.75
2015,Languedoc-Roussillon,85.5
2015,Provence-Alpes-Cete d'Azur,28.25
2015,Corse,0
2015,Departements d'outre-mer,19.83
2015,Guadeloupe,0
2015,Martinique,0.38
2015,Guyane,0.06
2015,La Reunion,19.4
2015,Mayotte,0
2015,Departements d'outre-mer (NUTS 2010),0
2015,Guadeloupe (NUTS 2010),0
2015,Martinique (NUTS 2010),0
2015,Guyane (NUTS 2010),0
2015,Reunion (NUTS 2010),0
2015,Jadranska Hrvatska,39
2015,Kontinentalna Hrvatska,655
2015,Sjeverozapadna Hrvatska (former statistical region),0
2015,Sredisnja i Istocna (Panonska) Hrvatska (former statistical region),0
2015,Nord-Ovest,5438.75
2015,Piemonte,856.95
2015,Valle d'Aosta/Vallee d'Aoste,45.7
2015,Liguria,34.28
2015,Lombardia,4501.82
2015,Nord-Est,4170.47
2015,Provincia Autonoma di Bolzano/Bozen,388.48
2015,Provincia Autonoma di Trento,159.96
2015,Veneto,1005.48
2015,Friuli-Venezia Giulia,182.82
2015,Emilia-Romagna,2433.72
2015,Nord-Est (NUTS 2006),0
2015,Emilia-Romagna (NUTS 2006),0
2015,Centro (IT),571.3
2015,Toscana,68.56
2015,Umbria,57.13
2015,Marche,45.7
2015,Lazio,399.91
2015,Centro (I) (NUTS 2006),0
2015,Marche (NUTS 2006),0
2015,Sud,799.82
2015,Abruzzo,45.7
2015,Molise,68.56
2015,Campania,308.5
2015,Puglia,228.52
2015,Basilicata,57.13
2015,Calabria,91.41
2015,Isole,445.61
2015,Sicilia,217.09
2015,Sardegna,228.52
2015,Kypros,0
2015,Kypros,0
2015,Latvija,975.4
2015,Latvija,975.4
2015,Lietuva,1734.73
2015,Lietuva,1734.73
2015,Luxembourg,346.25
2015,Luxembourg,346.25
2015,Luxembourg,346.25
2015,Kezep-Magyarorszeg,141.58
2015,Kezep-Magyarorszeg,141.58
2015,Dunentel,796.19
2015,Kezep-Dunentel,291.84
2015,Nyugat-Dunentel,273.24
2015,Del-Dunentel,231.11
2015,Alfeld es eszak,1003.56
2015,eszak-Magyarorszeg,131.26
2015,eszak-Alfeld,461.77
2015,Del-Alfeld,410.53
2015,Malta,41.57
2015,Malta,41.57
2015,Noord-Nederland,4146
2015,Groningen,852
2015,Friesland (NL),2402
2015,Drenthe,892
2015,Oost-Nederland,4432
2015,Overijssel,2137
2015,Gelderland,2001
2015,Flevoland,294
2015,West-Nederland,2417
2015,Utrecht,709
2015,Noord-Holland,699
2015,Zuid-Holland,827
2015,Zeeland,181
2015,Zuid-Nederland,2336
2015,Noord-Brabant,1907
2015,Limburg (NL),429
2015,Ostesterreich,726.2
2015,Burgenland (AT),28.95
2015,Niederesterreich,697.25
2015,Wien,0
2015,Sedesterreich,771.16
2015,Kernten,224.02
2015,Steiermark,547.14
2015,Westesterreich,2040.4
2015,Oberesterreich,1117.98
2015,Salzburg,362.43
2015,Tirol,384.51
2015,Vorarlberg,175.48
2015,Region Centralny,3886
2015,Ledzkie,1010
2015,Mazowieckie,2876
2015,Region Poludniowy,582
2015,Malopolskie,334
2015,Slaskie,248
2015,Region Wschodni,3947
2015,Lubelskie,806
2015,Podkarpackie,237
2015,Swietokrzyskie,264
2015,Podlaskie,2640
2015,Region Pelnocno-Zachodni,2047
2015,Wielkopolskie,1782
2015,Zachodniopomorskie,177
2015,Lubuskie,88
2015,Region Poludniowo-Zachodni,470
2015,Dolnoslaskie,196
2015,Opolskie,274
2015,Region Pelnocny,2304
2015,Kujawsko-Pomorskie,955
2015,Warminsko-Mazurskie,988
2015,Pomorskie,361
2015,Continente,1383.28
2015,Norte,783.96
2015,Algarve,0.32
2015,Centro (PT),257.51
2015,erea Metropolitana de Lisboa,81.77
2015,Alentejo,259.73
2015,Regieo Autenoma dos Aeores (PT),628.97
2015,Regieo Autenoma dos Aeores (PT),628.97
2015,Regieo Autenoma da Madeira (PT),1.53
2015,Regieo Autenoma da Madeira (PT),1.53
2015,Macroregiunea unu,1400.6
2015,Nord-Vest,741.9
2015,Centru,658.7
2015,Macroregiunea doi,1413.3
2015,Nord-Est,994.8
2015,Sud-Est,418.5
2015,Macroregiunea trei,474.2
2015,Sud - Muntenia,457.7
2015,Bucuresti - Ilfov,16.5
2015,Macroregiunea patru,692.9
2015,Sud-Vest Oltenia,385.6
2015,Vest,307.3
2015,Slovenija,631.67
2015,Vzhodna Slovenija,417.99
2015,Vzhodna Slovenija (NUTS 2010),0
2015,Zahodna Slovenija,213.68
2015,Zahodna Slovenija (NUTS 2010),0
2015,Slovensko,930.98
2015,Bratislavske kraj,44.68
2015,Zepadne Slovensko,497.36
2015,Stredne Slovensko,227.55
2015,Vechodne Slovensko,161.39
2015,Manner-Suomi,2418.48
2015,Ite-Suomi (NUTS 2006),0
2015,Etele-Suomi (NUTS 2006),0
2015,Lensi-Suomi,696.44
2015,Pohjois-Suomi (NUTS 2006),0
2015,Helsinki-Uusimaa,70.67
2015,Etele-Suomi,308.93
2015,Pohjois- ja Ite-Suomi,1342.45
2015,eland,18.27
2015,eland,18.27
2015,estra Sverige,479.58
2015,Stockholm,27.83
2015,estra Mellansverige,451.75
2015,Sedra Sverige,1974.88
2015,Smeland med earna,849.99
2015,Sydsverige,381.38
2015,Vestsverige,743.52
2015,Norra Sverige,478.7
2015,Norra Mellansverige,193.54
2015,Mellersta Norrland,120.66
2015,evre Norrland,164.5
2015,North East (UK),114
2015,Tees Valley and Durham,67
2015,Northumberland and Tyne and Wear,0
2015,North West (UK),2290
2015,Cumbria,903
2015,Cheshire (NUTS 2006),0
2015,Greater Manchester,30
2015,Lancashire,549
2015,Merseyside (NUTS 2006),0
2015,Cheshire,792
2015,Merseyside,0
2015,Yorkshire and The Humber,706
2015,East Yorkshire and Northern Lincolnshire,33
2015,North Yorkshire,536
2015,South Yorkshire,47
2015,West Yorkshire,89
2015,East Midlands (UK),632
2015,Derbyshire and Nottinghamshire,381
2015,"Leicestershire, Rutland and Northamptonshire",202
2015,Lincolnshire,50
2015,West Midlands (UK),1388
2015,"Herefordshire, Worcestershire and Warwickshire",249
2015,Shropshire and Staffordshire,0
2015,West Midlands,0
2015,East of England,135
2015,East Anglia,0
2015,Bedfordshire and Hertfordshire,19
2015,Essex,0
2015,London,0
2015,Inner London (NUTS 2010),0
2015,Outer London (NUTS 2010),0
2015,Inner London - West,0
2015,Inner London - East,0
2015,Outer London - East and North East,0
2015,Outer London - South,0
2015,Outer London - West and North West,0
2015,South East (UK),560
2015,"Berkshire, Buckinghamshire and Oxfordshire",153
2015,"Surrey, East and West Sussex",188
2015,Hampshire and Isle of Wight,130
2015,Kent,0
2015,South West (UK),3576
2015,"Gloucestershire, Wiltshire and Bristol/Bath area",675
2015,Dorset and Somerset,1202
2015,Cornwall and Isles of Scilly,597
2015,Devon,1101
2015,Wales,2029
2015,West Wales and The Valleys,1460
2015,East Wales,569
2015,Scotland,1448
2015,North Eastern Scotland (NUTS 2003),0
2015,Eastern Scotland,164
2015,South Western Scotland,1128
2015,Highlands and Islands (NUTS 2003),0
2015,North Eastern Scotland,61
2015,Highlands and Islands,94
2015,Northern Ireland (UK),2566
2015,Northern Ireland (UK),2566
2015,Crna Gora,0
2015,Crna Gora,0
2015,Istanbul,103.5
2015,Istanbul,103.5
2015,Bati Marmara,1716.94
2015,"Tekirdag, Edirne, Kirklareli",692.18
2015,"Balikesir, eanakkale",1024.76
2015,Ege,2935.76
2015,Izmir,862.09
2015,"Aydin, Denizli, Mugla",1030.37
2015,"Manisa, Afyonkarahisar, Ketahya, Usak",1043.3
2015,Dogu Marmara,949.42
2015,"Bursa, Eskisehir, Bilecik",454.14
2015,"Kocaeli, Sakarya, Dezce, Bolu, Yalova",495.28
2015,Bati Anadolu,1263.76
2015,Ankara,243.02
2015,"Konya, Karaman",1020.74
2015,Akdeniz,1551.87
2015,"Antalya, Isparta, Burdur",709.05
2015,"Adana, Mersin",388.21
2015,"Hatay, Kahramanmaras, Osmaniye",454.61
2015,Orta Anadolu,1810.36
2015,"Kirikkale, Aksaray, Nigde, Nevsehir, Kirsehir",831.51
2015,"Kayseri, Sivas, Yozgat",978.85
2015,Bati Karadeniz,1615.92
2015,"Zonguldak, Karabek, Bartin",159.24
2015,"Kastamonu, eankiri, Sinop",518.05
2015,"Samsun, Tokat, eorum, Amasya",938.63
2015,Dogu Karadeniz,622.68
2015,"Trabzon, Ordu, Giresun, Rize, Artvin, Gemeshane",622.68
2015,Kuzeydogu Anadolu,2251.83
2015,"Erzurum, Erzincan, Bayburt",913.1
2015,"Agri, Kars, Igdir, Ardahan",1338.73
2015,Ortadogu Anadolu,1144.02
2015,"Malatya, Elazig, Bingel, Tunceli",608.07
2015,"Van, Mus, Bitlis, Hakkari",535.95
2015,Geneydogu Anadolu,967.49
2015,"Gaziantep, Adiyaman, Kilis",187.98
2015,"Sanliurfa, Diyarbakir",546.83
2015,"Mardin, Batman, Sirnak, Siirt",232.68
